INSERT INTO public.categories (id, name) VALUES
('4954f51c-1c98-4847-8f1f-53b5de93a139', 'HEALTH_WELLBEING'),
('0798a2e9-5afd-45b9-94af-447a8c0e72d1', 'LEGAL_FINANCIAL'),
('557f0135-d165-422c-a932-d4e0871411dd', 'EDUCATION_TRAINING'),
('a51ce3ce-0d32-4b7b-9980-f5942f2b12bc', 'CRAFTSMANSHIP_CONSTRUCTION'),
('65e492ff-87b2-48eb-9a98-22884e11853f', 'MAINTENANCE_REPAIR'),
('9b8e37ea-76eb-4eb3-9aa2-9cbcb7f6f2f4', 'TECHNOLOGY_IT'),
('c9f70cfa-7487-4b26-a217-74e983bd98b6', 'BEAUTY_STYLE'),
('3ff884fa-d72e-41ea-873c-f67aa77131a1', 'ANIMAL_SERVICES'),
('0ca97722-63dd-4123-8fdb-19d47a56c96b', 'GASTRONOMY'),
('b85d555a-18e2-4e0d-9b72-7ac416980146', 'TRANSPORT_LOGISTICS'),
('44810f02-4d31-4b68-918d-4f447e97a942', 'REAL_ESTATE');

-- BEGIN TABLE public.professions
-- Inserting 48 rows into public.professions
-- Insert batch #1
INSERT INTO public.professions (id, name, category_id) VALUES
('ba989c47-c963-45d7-a0d0-9b6f989d364f', 'GENERAL_PRACTITIONER', '4954f51c-1c98-4847-8f1f-53b5de93a139'),
('890e2bb7-19eb-4e32-8a25-e71f06beea02', 'PEDIATRICIAN', '4954f51c-1c98-4847-8f1f-53b5de93a139'),
('eae10000-8d0d-4e9e-8085-86248f0d9db2', 'NURSE', '4954f51c-1c98-4847-8f1f-53b5de93a139'),
('e3f298ef-5d3e-4daf-b2f9-ab6b21e5f068', 'DENTIST', '4954f51c-1c98-4847-8f1f-53b5de93a139'),
('361b0e1d-baeb-440d-8b61-1f77ca52788f', 'PHYSIOTHERAPIST_OSTEOPATH_CHIROPRACTOR', '4954f51c-1c98-4847-8f1f-53b5de93a139'),
('0e1c7bec-9b84-49d8-8aba-806f5dc236fe', 'NUTRITIONIST', '4954f51c-1c98-4847-8f1f-53b5de93a139'),
('7f644a02-ea83-42b2-a8d4-340a62fb4090', 'PSYCHOLOGIST', '4954f51c-1c98-4847-8f1f-53b5de93a139'),
('6380d547-5466-4632-bcbd-f2c23b5b9bfa', 'FITNESS_COACH', '4954f51c-1c98-4847-8f1f-53b5de93a139'),
('33fae10b-8e6c-4533-9e9e-56be72f0d155', 'BEAUTICIAN', '4954f51c-1c98-4847-8f1f-53b5de93a139'),
('7ad8d99f-5b1e-4e71-8001-0aa90d140bf5', 'LAWYER', '0798a2e9-5afd-45b9-94af-447a8c0e72d1'),
('4e7aa094-fe62-4abc-889c-76d03bb176d9', 'NOTARY', '0798a2e9-5afd-45b9-94af-447a8c0e72d1'),
('3d9b1808-a86f-4b63-9426-aad4c2f183dc', 'ACCOUNTANT', '0798a2e9-5afd-45b9-94af-447a8c0e72d1'),
('a9586750-31ab-4359-a6ec-39a0782be672', 'FINANCIAL_ADVISOR', '0798a2e9-5afd-45b9-94af-447a8c0e72d1'),
('f7a24dad-6e0b-4294-b424-df00ccdfaf10', 'BAILIFF', '0798a2e9-5afd-45b9-94af-447a8c0e72d1'),
('f64041d4-4e19-46bb-9344-5ab693a79745', 'TEACHER', '557f0135-d165-422c-a932-d4e0871411dd'),
('86e524b6-1fbb-40cb-b5b4-0dfd1934b187', 'MUSIC_TEACHER', '557f0135-d165-422c-a932-d4e0871411dd'),
('f9113c3c-a7b1-4afe-895b-d40f916c5a10', 'PROFESSIONAL_TRAINER', '557f0135-d165-422c-a932-d4e0871411dd'),
('6d4f2310-8276-4224-890a-edefba2d66f5', 'CARPENTER', 'a51ce3ce-0d32-4b7b-9980-f5942f2b12bc'),
('0f3e75a3-7d82-4a92-ba37-ca4b24178feb', 'PLUMBER', 'a51ce3ce-0d32-4b7b-9980-f5942f2b12bc'),
('032fcedd-3601-43b2-9d33-2619350e0826', 'ELECTRICIAN', 'a51ce3ce-0d32-4b7b-9980-f5942f2b12bc'),
('7f595e8a-a02a-4885-93a3-631a06359443', 'MASON', 'a51ce3ce-0d32-4b7b-9980-f5942f2b12bc'),
('6f18b006-b3eb-485c-8520-a16b71ab5255', 'PAINTER', 'a51ce3ce-0d32-4b7b-9980-f5942f2b12bc'),
('e16ea713-ba15-493a-ae65-4ced59a6ffc3', 'TILER', 'a51ce3ce-0d32-4b7b-9980-f5942f2b12bc'),
('0266baba-1483-48a6-940d-8ed04957670e', 'MECHANIC', '65e492ff-87b2-48eb-9a98-22884e11853f'),
('bd0a9838-2570-4519-bb92-8f0e6ef95793', 'BODYWORKER', '65e492ff-87b2-48eb-9a98-22884e11853f'),
('a97c22fc-c487-4889-8ec9-5d1588336f00', 'APPLIANCE_REPAIRER', '65e492ff-87b2-48eb-9a98-22884e11853f'),
('08e926c9-96db-4ad1-ac8f-f9fe2f5b28ef', 'GARDENER', '65e492ff-87b2-48eb-9a98-22884e11853f'),
('080f75a8-0e0a-48f7-9abd-1c894850d3b2', 'CLEANER', '65e492ff-87b2-48eb-9a98-22884e11853f'),
('0543e471-8e69-4fc2-8eb8-d62187fa4f67', 'WEB_DEVELOPER', '9b8e37ea-76eb-4eb3-9aa2-9cbcb7f6f2f4'),
('5fdc7cf5-56b5-4535-819f-3ab671b78233', 'NETWORK_ADMINISTRATOR', '9b8e37ea-76eb-4eb3-9aa2-9cbcb7f6f2f4'),
('4d1569b6-b7cf-4a15-a6b4-655c56286193', 'COMPUTER_REPAIRER', '9b8e37ea-76eb-4eb3-9aa2-9cbcb7f6f2f4'),
('20de1dfd-17ab-4863-a3f1-1e1a4cfee914', 'UX_UI_DESIGNER', '9b8e37ea-76eb-4eb3-9aa2-9cbcb7f6f2f4'),
('bc4c99ee-892d-4cbc-ae2a-049e8e6b97bd', 'HAIRDRESSER', 'c9f70cfa-7487-4b26-a217-74e983bd98b6'),
('e9511d5a-73ed-46c2-a8f1-e7e9bce9cfb3', 'MAKEUP_ARTIST', 'c9f70cfa-7487-4b26-a217-74e983bd98b6'),
('1e1ac892-7615-433e-998a-bac1c39d906b', 'STYLIST', 'c9f70cfa-7487-4b26-a217-74e983bd98b6'),
('be551d90-2974-41be-b1be-ec8bba42201b', 'MANICURIST', 'c9f70cfa-7487-4b26-a217-74e983bd98b6'),
('8e192643-4585-4ed4-ac12-da044a50c924', 'VETERINARIAN', '3ff884fa-d72e-41ea-873c-f67aa77131a1'),
('4426110a-e601-4e58-90f6-8fe57be55f40', 'GROOMER', '3ff884fa-d72e-41ea-873c-f67aa77131a1'),
('57b8acf3-9227-459f-9041-70dd3827b841', 'PET_SITTER', '3ff884fa-d72e-41ea-873c-f67aa77131a1'),
('d0fd50a3-0ae8-47de-9ff1-2c5c3c1164cd', 'ANIMAL_TRAINER', '3ff884fa-d72e-41ea-873c-f67aa77131a1'),
('8d9370cc-a150-4af6-9cd2-029f3070fecd', 'EXECUTIVE_CHEF', '0ca97722-63dd-4123-8fdb-19d47a56c96b'),
('23ec70eb-b449-455a-8638-7cd209ac2bd3', 'PASTRY_CHEF', '0ca97722-63dd-4123-8fdb-19d47a56c96b'),
('59a5f0bd-4f4e-4043-9c1c-abb5d0c99ccc', 'SOMMELIER', '0ca97722-63dd-4123-8fdb-19d47a56c96b'),
('6ea09060-d617-4304-a7e0-860d422274cc', 'BARISTA', '0ca97722-63dd-4123-8fdb-19d47a56c96b'),
('cb204ab5-3cd6-4b22-850c-44d79e8c9162', 'TAXI_DRIVER', 'b85d555a-18e2-4e0d-9b72-7ac416980146'),
('f4f03f40-de85-49af-93cb-70a8cd83875b', 'MOVER', 'b85d555a-18e2-4e0d-9b72-7ac416980146'),
('162c8a32-8a93-49bd-8b3e-dca5b5c0eafb', 'REAL_ESTATE_AGENT', '44810f02-4d31-4b68-918d-4f447e97a942'),
('37bbde19-ffb2-40ad-aa7c-5149e05ca095', 'PROPERTY_MANAGER', '44810f02-4d31-4b68-918d-4f447e97a942');

-- END TABLE public.professions

INSERT INTO public.groups (id, name, code, address, cp, city, description, background_url) VALUES ('e4e31d7e-170b-4aca-ba14-a29c673d2f09', 'Résidence DEMO', 'ktzx-cczb-bzlk', '123 Rue de la Solidarité, Quartier Entraide', '75000', 'Paris', 'Bienvenue dans la Résidence DEMO, un espace unique où l''entraide n''est pas seulement un mot, mais un mode de vie. Ici, chaque résident apporte sa pierre à l''édifice, que ce soit par son savoir-faire en bricolage, ses talents culinaires, ou simplement par une oreille attentive. Rejoignez-nous pour des moments de partage, des projets communs, et pour tisser des liens indélébiles avec vos voisins. Ensemble, faisons de notre quartier un lieu où il fait bon vivre, travailler et s''amuser. La Résidence DEMO, c''est bien plus qu''un groupe, c''est une famille !', 'https://firebasestorage.googleapis.com/v0/b/hoodhelps.appspot.com/o/groups%2Fe4e31d7e-170b-4aca-ba14-a29c673d2f09.jpg?alt=media&token=ee5766e0-ea03-4572-b5c2-bf73ab7a95b2');

-- Insert batch #1
INSERT INTO public.users (id, username, email, password_hash, first_name, last_name, phone_number, date_of_birth, date_registered, last_login, is_active, "role", image_url) VALUES
('0c2b4f5d-e514-4429-bf68-c33aa9f97151', 'lucas.bernard', 'lucas.bernard@yopmail.com', '$2b$10$8TE7jxR2sat5p2sJacgBhOWvTFmtquM6.mjPETcpUge4z4vB7yUS6', 'Lucas', 'Bernard', '0600000000', NULL, '2023-11-15 15:10:38.606228', NULL, 'True', 'user', 'https://firebasestorage.googleapis.com/v0/b/hoodhelps.appspot.com/o/users%2Fprofile_image_0c2b4f5d-e514-4429-bf68-c33aa9f97151.jpg?alt=media&token=22dd095f-34bb-4f2b-af07-266a36849a26'),
('fd5d76e2-9958-409c-92a6-55a49199fd72', 'nansou', 'nans@gigan.fr', '$2b$10$Q7vzpntCVFL.uyt7yFsvVe4PmizBzWDKAg.w8mTNs3rJVPNI6T30O', 'Nans', 'Gigan', '0617347388', NULL, '2023-09-18 16:26:55.472824', NULL, 'True', 'user', 'https://firebasestorage.googleapis.com/v0/b/hoodhelps.appspot.com/o/users%2Fprofile_image_fd5d76e2-9958-409c-92a6-55a49199fd72.jpg?alt=media&token=c9b148d4-429a-4ca4-91f6-ad70478b6ede'),
('224da087-3c01-4ed2-8215-12d1e2487544', 'gilbert.arnout', 'ArnouGilbert@teleworm.us', '$2b$10$fX0xIWdAWR/.uLjBUwMF8.fs7/KT08s6pySGPz5h3BUIQq4CDJCum', 'Gilbert', 'Arnout', '0390616580', NULL, '2023-11-15 14:42:41.150661', NULL, 'True', 'user', 'https://firebasestorage.googleapis.com/v0/b/hoodhelps.appspot.com/o/users%2Fprofile_image_224da087-3c01-4ed2-8215-12d1e2487544.jpg?alt=media&token=213786c0-beb0-4f0d-8d34-476a2a77f6da'),
('02003d99-069f-4478-848a-0efcc1a24f39', 'maxime.thomas', 'maxime.thomas@yopmail.com', '$2b$10$o7jsGmxOUiJ8PU/U7Fjsn.tP9bg0QfA8qPKET83cvZa7SgiKxzUQW', 'Maxime', 'Thomas', '0606060606', NULL, '2023-11-15 16:49:07.200515', NULL, 'True', 'user', 'https://firebasestorage.googleapis.com/v0/b/hoodhelps.appspot.com/o/users%2Fprofile_image_02003d99-069f-4478-848a-0efcc1a24f39.jpg?alt=media&token=93dd15d6-dd0b-4f51-af39-417feb927725'),
('1d77b90d-a24d-40f3-a8d5-d38e157107d4', 'emilie.lefebvre', 'emilie.lefebvre@yopmail.com', '$2b$10$4GCgPEPA4u8kPPcI0Iiqr.ON.J.i6QGwJVClMaySFh8fkAX5/wLMW', 'Émilie', 'Lefebvre', '0600000000', NULL, '2023-11-15 15:02:41.381239', NULL, 'True', 'user', 'https://firebasestorage.googleapis.com/v0/b/hoodhelps.appspot.com/o/users%2Fprofile_image_1d77b90d-a24d-40f3-a8d5-d38e157107d4.jpg?alt=media&token=16c89806-e2eb-4832-9768-f1ab8155130f'),
('1d8bbf2c-2dfb-4325-986c-2a9ca97e0202', 'sophie.martin', 'sophie.martin@yopmail.com', '$2b$10$RzcEMKWi5GgaJnez/DMkmOp9UFXqWsqQ20yTVCqn9q7lFOGVmcJ4m', 'Sophie', 'Martin', '0606060606', NULL, '2023-11-15 16:49:07.202388', NULL, 'True', 'user', 'https://firebasestorage.googleapis.com/v0/b/hoodhelps.appspot.com/o/users%2Fprofile_image_1d8bbf2c-2dfb-4325-986c-2a9ca97e0202.jpg?alt=media&token=b827129c-d177-470a-9b4b-a5edadf60523'),
('f99df2b1-ab71-4376-af48-818a32995c28', 'sarah.dubois', 'sarah.dubois@yopmail.com', '$2b$10$WRe6HKHnFVGeL10lDPc8XO.NOqX5g6.MiIBZZWeuYVxXBRKvxtxVm', 'Sarah', 'Dubois', '0606060606', NULL, '2023-11-15 16:49:07.259029', NULL, 'True', 'user', 'https://firebasestorage.googleapis.com/v0/b/hoodhelps.appspot.com/o/users%2Fprofile_image_f99df2b1-ab71-4376-af48-818a32995c28.jpg?alt=media&token=cc16a6a9-db95-45d8-b3cd-26818320540c'),
('75daaeab-d287-4cec-a66c-aad5673d3883', 'emma.durand', 'emma.durand@yopmail.com', '$2b$10$NZeTyWTArxo5PdOvtu5AiO84Yi8emsACJEe9qPQSd2/luwgHR.sWK', 'Emma', 'Durand', '0606060606', NULL, '2023-11-15 16:49:07.260996', NULL, 'True', 'user', 'https://firebasestorage.googleapis.com/v0/b/hoodhelps.appspot.com/o/users%2Fprofile_image_75daaeab-d287-4cec-a66c-aad5673d3883.jpg?alt=media&token=315b26b9-d271-4410-b80c-b5fc96a5dc1b'),
('44e30ff9-3731-4ffb-b610-644acb58deab', 'sarah.robert', 'sarah.robert@yopmail.com', '$2b$10$ZNQ851THq93FEwAJ4.nt..nqaRwduxm.5IMhSoYaUCY0eRpxTcv62', 'Sarah', 'Robert', '0606060606', NULL, '2023-11-15 16:49:07.315172', NULL, 'True', 'user', 'https://firebasestorage.googleapis.com/v0/b/hoodhelps.appspot.com/o/users%2Fprofile_image_44e30ff9-3731-4ffb-b610-644acb58deab.jpg?alt=media&token=f5b35cee-4527-4f99-a7e8-9baa256195ad'),
('75c5259b-2d1e-4fbf-88db-ee2d6b0271ec', 'sophie.robert', 'sophie.robert@yopmail.com', '$2b$10$qy/YHsaBTxiW2XfoUAF.S.ZpvxbDuwsm8ly3.M1wrT6HpYN.yaXum', 'Sophie', 'Robert', '0606060606', NULL, '2023-11-15 16:49:07.319463', NULL, 'True', 'user', 'https://firebasestorage.googleapis.com/v0/b/hoodhelps.appspot.com/o/users%2Fprofile_image_75c5259b-2d1e-4fbf-88db-ee2d6b0271ec.jpg?alt=media&token=87ab1958-1b96-4192-acd4-9e4de4d8f817'),
('129b4fbd-654c-4c5a-861c-fed6986cf435', 'thomas.barriere', 'thomas.barriere@yopmail.com', '$2b$10$4A69GDfZXLHB4P3Ym1rqTOJsv34wzjHWXW3cSzDuPQbuOt2mms30C', 'Thomas', 'Barriere', '0606060606', NULL, '2023-11-15 16:49:07.372294', NULL, 'True', 'user', 'https://firebasestorage.googleapis.com/v0/b/hoodhelps.appspot.com/o/users%2Fprofile_image_129b4fbd-654c-4c5a-861c-fed6986cf435.jpg?alt=media&token=b4970b42-71f9-4bd7-85d4-387e25bc0936'),
('c57a6ddd-2a43-41c9-ac90-a2e99f4b37d1', 'hugo.robert', 'hugo.robert@yopmail.com', '$2b$10$NELQD1wDTdsNQcsdZt0JaullDRTuUKPbcoQKUTy492s4.UNrdGN0e', 'Hugo', 'Robert', '0606060606', NULL, '2023-11-15 16:49:07.374351', NULL, 'True', 'user', 'https://firebasestorage.googleapis.com/v0/b/hoodhelps.appspot.com/o/users%2Fprofile_image_c57a6ddd-2a43-41c9-ac90-a2e99f4b37d1.jpg?alt=media&token=e8549b90-ebbc-413b-97af-045b5cd1380f'),
('927d0e27-65e5-4e65-898f-b569e2e7dfe8', 'marie.durand', 'marie.durand@yopmail.com', '$2b$10$eTxUVcivARwh8gHckl5rp.kE962obewQV5Hw69pP533KqSkCMel36', 'Marie', 'Durand', '0606060606', NULL, '2023-11-15 16:49:07.429249', NULL, 'True', 'user', 'https://firebasestorage.googleapis.com/v0/b/hoodhelps.appspot.com/o/users%2Fprofile_image_927d0e27-65e5-4e65-898f-b569e2e7dfe8.jpg?alt=media&token=4482bcb0-1436-4b36-9311-a6f48568019c'),
('8c3f7542-8c8d-429c-9b30-88617dddabb8', 'sophie.moreau', 'sophie.moreau@yopmail.com', '$2b$10$oAog2O6yLx4HmrRJlyUCoOEEYao4xFd339ddw5H6XP444/X8vIs9y', 'Sophie', 'Moreau', '0606060606', NULL, '2023-11-15 16:49:07.432159', NULL, 'True', 'user', 'https://firebasestorage.googleapis.com/v0/b/hoodhelps.appspot.com/o/users%2Fprofile_image_8c3f7542-8c8d-429c-9b30-88617dddabb8.jpg?alt=media&token=7982080c-ff24-4094-8106-15f52226143c'),
('c2cef04a-2398-4609-8d44-e2e76acf8b61', 'emma.richard', 'emma.richard@yopmail.com', '$2b$10$bJNnbpJUISME5N.X04FFFuFlUypiruL1ocJYMYNvaKP2xT7aJfWHW', 'Emma', 'Richard', '0606060606', NULL, '2023-11-15 16:49:07.20292', NULL, 'True', 'user', 'https://firebasestorage.googleapis.com/v0/b/hoodhelps.appspot.com/o/users%2Fprofile_image_c2cef04a-2398-4609-8d44-e2e76acf8b61.jpg?alt=media&token=b938bc29-5cf3-4081-86d6-5c6be45bbb4c'),
('af41cbec-068a-4dd2-806c-664272db776a', 'maxime.richard', 'maxime.richard@yopmail.com', '$2b$10$cc9DC4AXis41NVYiy4uL/OWSvwzCtZE1Hqwsm3kcclDU0Pu8zsAjq', 'Maxime', 'Richard', '0606060606', NULL, '2023-11-15 16:49:07.204107', NULL, 'True', 'user', 'https://firebasestorage.googleapis.com/v0/b/hoodhelps.appspot.com/o/users%2Fprofile_image_af41cbec-068a-4dd2-806c-664272db776a.jpg?alt=media&token=7d3fb92e-1b0c-4214-817b-fe896803ea6f'),
('143698eb-5e38-4454-bb32-c5cd68e85d89', 'marie.moreau', 'marie.moreau@yopmail.com', '$2b$10$YkgvofT0SsvOrTRF.ZyjZ.GlUwASuinulBP/0bljwBJ.m4nOuB8kS', 'Marie', 'Moreau', '0606060606', NULL, '2023-11-15 16:49:07.259031', NULL, 'True', 'user', 'https://firebasestorage.googleapis.com/v0/b/hoodhelps.appspot.com/o/users%2Fprofile_image_143698eb-5e38-4454-bb32-c5cd68e85d89.jpg?alt=media&token=326900d4-2687-4a3a-a0c9-ad7fc781333b'),
('7f4528d1-161c-4a86-9463-33ca667c71b6', 'marie.dupont', 'marie.dupont@yopmail.com', '$2b$10$adh0aFKHW4iOXHsDNgt2xOXhhpC.uH/GS8je8.s.8a4YQC15PD46S', 'Marie', 'Dupont', '0606060606', NULL, '2023-11-15 16:49:07.260997', NULL, 'True', 'user', 'https://firebasestorage.googleapis.com/v0/b/hoodhelps.appspot.com/o/users%2Fprofile_image_7f4528d1-161c-4a86-9463-33ca667c71b6.jpg?alt=media&token=827f016a-fc5f-49ac-97e9-891c21e98a48'),
('369a3a7f-82ac-4de6-8ea6-1ee42878a1f1', 'sophie.dan', 'sophie.dan@yopmail.com', '$2b$10$TPrC60LBwJlBwMd/oOGwh.DfGkNGwrB0AEwq81NS8qWGJQ0DERl1W', 'Sophie', 'dan', '0606060606', NULL, '2023-11-15 16:49:07.316434', NULL, 'True', 'user', 'https://firebasestorage.googleapis.com/v0/b/hoodhelps.appspot.com/o/users%2Fprofile_image_369a3a7f-82ac-4de6-8ea6-1ee42878a1f1.jpg?alt=media&token=06df35c2-79a5-4afe-8d7a-6a17dcbb50e0'),
('afeba8ba-f00a-4288-bdbe-d42b99b39268', 'maxime.dubois', 'maxime.dubois@yopmail.com', '$2b$10$QutPkcNkVUatpXD9SQex/O6imTSr2d4PIFnp1Xszmz7wWkD4tuUJG', 'Maxime', 'Dubois', '0606060606', NULL, '2023-11-15 16:49:07.320341', NULL, 'True', 'user', 'https://firebasestorage.googleapis.com/v0/b/hoodhelps.appspot.com/o/users%2Fprofile_image_afeba8ba-f00a-4288-bdbe-d42b99b39268.jpg?alt=media&token=ad1ca115-1bb0-4298-94d2-3072d5e343d2'),
('a6f151a7-d3dd-4b66-b6dd-eb1c66f8df31', 'lucas.leroy', 'lucas.leroy@yopmail.com', '$2b$10$EhzW7Op3CfySgyyQbSnqdOFGHnYYRYPHq2BfohiKguaNtWP3hZvae', 'Lucas', 'Leroy', '0606060606', NULL, '2023-11-15 16:49:07.374226', NULL, 'True', 'user', 'https://firebasestorage.googleapis.com/v0/b/hoodhelps.appspot.com/o/users%2Fprofile_image_a6f151a7-d3dd-4b66-b6dd-eb1c66f8df31.jpg?alt=media&token=65dd325a-255e-4819-b687-25eda68b8f35'),
('a009b612-ea64-44fa-9789-a89794530c14', 'romain.richard', 'romain.richard@yopmail.com', '$2b$10$BlROTSbo/WhoKGO4NUvw2OPZaciaWmmRS8/jz8Sfbl7QYdDzDzeVu', 'Romain', 'Richard', '0606060606', NULL, '2023-11-15 16:49:07.376494', NULL, 'True', 'user', 'https://firebasestorage.googleapis.com/v0/b/hoodhelps.appspot.com/o/users%2Fprofile_image_a009b612-ea64-44fa-9789-a89794530c14.jpg?alt=media&token=c9908ac4-9970-481f-9d42-f4f24b827638'),
('2e3b783f-b85f-4733-8b4c-32f26c7be18e', 'emma.petit', 'emma.petit@yopmail.com', '$2b$10$P8W3.f4AMGGC8W3Xm67gr.42tAYgsAkcqyfQiw0OM5eyK.gHDv06q', 'Emma', 'Petit', '0606060606', NULL, '2023-11-15 16:49:07.429963', NULL, 'True', 'user', 'https://firebasestorage.googleapis.com/v0/b/hoodhelps.appspot.com/o/users%2Fprofile_image_2e3b783f-b85f-4733-8b4c-32f26c7be18e.jpg?alt=media&token=6933017a-e7ca-40f9-b3ec-a00c031e6ace'),
('c6e75680-a6d3-4068-b8a9-ef5f85684133', 'chloe.thomas', 'chloe.thomas@yopmail.com', '$2b$10$0b7BxBKzGN7vsRyxjO3Ae.nk2lXv1UtU0byv1Iex1XjI1RKdQlH8W', 'Chloé', 'Thomas', '0606060606', NULL, '2023-11-15 16:49:07.436011', NULL, 'True', 'user', 'https://firebasestorage.googleapis.com/v0/b/hoodhelps.appspot.com/o/users%2Fprofile_image_c6e75680-a6d3-4068-b8a9-ef5f85684133.jpg?alt=media&token=020771d3-2597-45e6-8ce2-02756a3c9e07'),
('c1c2eac1-f86f-49d3-b34f-ae0fb217753b', 'thomas.bernard', 'thomas.bernard@yopmail.com', '$2b$10$nts0G7I0oqLHbDyJAmErkedS8dvVFqCCgfyous7CKHHpFX4XVsM5e', 'Thomas', 'Bernard', '0606060606', NULL, '2023-11-15 16:49:07.487065', NULL, 'True', 'user', 'https://firebasestorage.googleapis.com/v0/b/hoodhelps.appspot.com/o/users%2Fprofile_image_c1c2eac1-f86f-49d3-b34f-ae0fb217753b.jpg?alt=media&token=7d32adad-8ed9-48da-a796-8f9bd345e5f5');

-- Insert batch #1
INSERT INTO public.user_professions (user_id, profession_id, description, experience_years) VALUES
('1d8bbf2c-2dfb-4325-986c-2a9ca97e0202', '4e7aa094-fe62-4abc-889c-76d03bb176d9', 'Sarah rend la lecture des actes notariés aussi passionnante qu''un roman policier.', 1),
('143698eb-5e38-4454-bb32-c5cd68e85d89', 'eae10000-8d0d-4e9e-8085-86248f0d9db2', 'J''apporte toujours une touche de bonne humeur dans ses soins, même lors des prises de sang !', 1),
('75c5259b-2d1e-4fbf-88db-ee2d6b0271ec', '7ad8d99f-5b1e-4e71-8001-0aa90d140bf5', 'Avec Sophie, chaque plaidoirie devient un spectacle. Elle défend ses clients avec panache et humour.', 10),
('02003d99-069f-4478-848a-0efcc1a24f39', '0266baba-1483-48a6-940d-8ed04957670e', 'le mécanicien qui parle aux voitures, rend chaque réparation ludique.', 10),
('af41cbec-068a-4dd2-806c-664272db776a', '86e524b6-1fbb-40cb-b5b4-0dfd1934b187', 'Maxime compose des chansons amusantes pour enseigner la musique, ses cours sont de véritables concerts.', 2),
('c2cef04a-2398-4609-8d44-e2e76acf8b61', '08e926c9-96db-4ad1-ac8f-f9fe2f5b28ef', 'Jardinier passionné, avec un talent naturel pour transformer les espaces verts en véritables œuvres d''art. Expert en plantes, il partage volontiers des astuces de jardinage dans une ambiance légère et conviviale. Reconnu pour sa main verte et son humour fleuri, il apporte vie et couleur dans chaque jardin qu''il touche.', 9),
('f99df2b1-ab71-4376-af48-818a32995c28', '0543e471-8e69-4fc2-8eb8-d62187fa4f67', 'la codeuse aux mille et un easter eggs, ajoute une touche ludique à chaque site web.', 4),
('75daaeab-d287-4cec-a66c-aad5673d3883', 'bc4c99ee-892d-4cbc-ae2a-049e8e6b97bd', 'la coiffeuse aux ciseaux magiques, transforme chaque coupe en spectacle.', 3),
('7f4528d1-161c-4a86-9463-33ca667c71b6', '6f18b006-b3eb-485c-8520-a16b71ab5255', 'chaque coup de pinceau est accompagné d''une anecdote colorée.', 7),
('369a3a7f-82ac-4de6-8ea6-1ee42878a1f1', '4d1569b6-b7cf-4a15-a6b4-655c56286193', 'expert en sauvetage numérique, raconte des histoires de ''cyber-héros''.', 2),
('44e30ff9-3731-4ffb-b610-644acb58deab', '3d9b1808-a86f-4b63-9426-aad4c2f183dc', 'Expert-comptable chevronné, reconnu pour son habileté à naviguer dans les complexités fiscales et comptables. Allie expertise technique et un sens de l''humour inattendu, transformant les chiffres en histoires captivantes. Dévoué à fournir des solutions claires et précises, assurant tranquillité d''esprit et fiabilité à ses clients.', 6),
('afeba8ba-f00a-4288-bdbe-d42b99b39268', '1e1ac892-7615-433e-998a-bac1c39d906b', 'le styliste qui habille les rêves, fait de chaque tenue une aventure.', 2),
('c57a6ddd-2a43-41c9-ac90-a2e99f4b37d1', '7f595e8a-a02a-4885-93a3-631a06359443', ' le maçon blagueur, construit des murs et de bonnes histoires en même temps.', 3),
('129b4fbd-654c-4c5a-861c-fed6986cf435', 'f64041d4-4e19-46bb-9344-5ab693a79745', 'Thomas transforme chaque leçon en aventure, ses élèves l''attendent toujours avec impatience.', 4),
('a6f151a7-d3dd-4b66-b6dd-eb1c66f8df31', '23ec70eb-b449-455a-8638-7cd209ac2bd3', 'le chef pâtissier qui raconte des histoires sucrées, transforme chaque dessert en conte de fées.', 10),
('fd5d76e2-9958-409c-92a6-55a49199fd72', '0543e471-8e69-4fc2-8eb8-d62187fa4f67', 'le meilleur de la région paca !', 10),
('224da087-3c01-4ed2-8215-12d1e2487544', 'ba989c47-c963-45d7-a0d0-9b6f989d364f', 'Médecin généraliste expérimenté, dédié à fournir des soins de santé complets et personnalisés. Expert en diagnostic et en traitement de diverses affections, avec un engagement fort envers la médecine préventive et le bien-être global des patients. Approche empathique et à l''écoute, favorisant une relation de confiance et de collaboration avec chaque patient.', 10),
('1d77b90d-a24d-40f3-a8d5-d38e157107d4', 'e3f298ef-5d3e-4daf-b2f9-ab6b21e5f068', 'Passionnée par les sourires éclatants, Émilie aime raconter des blagues pour détendre ses patients.', 7),
('0c2b4f5d-e514-4429-bf68-c33aa9f97151', '6380d547-5466-4632-bcbd-f2c23b5b9bfa', 'Lucas, toujours en tenue de sport, est connu pour transformer les séances d''entraînement en véritables fêtes fitness', 5),
('a009b612-ea64-44fa-9789-a89794530c14', '8e192643-4585-4ed4-ac12-da044a50c924', 'le vétérinaire qui murmure à l''oreille des animaux, partage des anecdotes amusantes de sa pratique quotidienne.', 3),
('927d0e27-65e5-4e65-898f-b569e2e7dfe8', '0f3e75a3-7d82-4a92-ba37-ca4b24178feb', 'le plombier qui chante toujours en travaillant, rend chaque réparation mémorable.', 10),
('2e3b783f-b85f-4733-8b4c-32f26c7be18e', 'be551d90-2974-41be-b1be-ec8bba42201b', 'l''artiste des ongles, raconte des contes colorés à chaque manucure.', 4),
('8c3f7542-8c8d-429c-9b30-88617dddabb8', '162c8a32-8a93-49bd-8b3e-dca5b5c0eafb', 'Agent immobilier dynamique et attentif, spécialiste en dénicher des perles rares sur le marché. Connaisseur des tendances locales, il offre des conseils personnalisés pour chaque client. Réputé pour son humour et son approche amicale, rendant chaque visite de propriété une expérience unique et mémorable.', 6),
('c6e75680-a6d3-4068-b8a9-ef5f85684133', '57b8acf3-9227-459f-9041-70dd3827b841', 'la gardienne d''animaux avec un humour animalier irrésistible, rend chaque garde une aventure.', 10),
('c1c2eac1-f86f-49d3-b34f-ae0fb217753b', 'cb204ab5-3cd6-4b22-850c-44d79e8c9162', 'Chauffeur de taxi expérimenté, connu pour sa ponctualité et sa connaissance approfondie de la ville. Toujours prêt à partager une anecdote locale ou une blague pour égayer le trajet. Engagé à offrir un service de qualité et une conduite sécuritaire pour une expérience client agréable.', 9);


-- Insert batch #1
INSERT INTO public.user_groups (user_id, group_id, "role", joined_date) VALUES
('224da087-3c01-4ed2-8215-12d1e2487544', 'e4e31d7e-170b-4aca-ba14-a29c673d2f09', 'user', '2023-11-15 14:46:43.478833'),
('1d77b90d-a24d-40f3-a8d5-d38e157107d4', 'e4e31d7e-170b-4aca-ba14-a29c673d2f09', 'user', '2023-11-15 15:05:43.834699'),
('0c2b4f5d-e514-4429-bf68-c33aa9f97151', 'e4e31d7e-170b-4aca-ba14-a29c673d2f09', 'user', '2023-11-15 15:13:48.459684'),
('af41cbec-068a-4dd2-806c-664272db776a', 'e4e31d7e-170b-4aca-ba14-a29c673d2f09', 'user', '2023-11-15 16:49:07.214644'),
('c2cef04a-2398-4609-8d44-e2e76acf8b61', 'e4e31d7e-170b-4aca-ba14-a29c673d2f09', 'user', '2023-11-15 16:49:07.215039'),
('02003d99-069f-4478-848a-0efcc1a24f39', 'e4e31d7e-170b-4aca-ba14-a29c673d2f09', 'user', '2023-11-15 16:49:07.215077'),
('1d8bbf2c-2dfb-4325-986c-2a9ca97e0202', 'e4e31d7e-170b-4aca-ba14-a29c673d2f09', 'user', '2023-11-15 16:49:07.216593'),
('143698eb-5e38-4454-bb32-c5cd68e85d89', 'e4e31d7e-170b-4aca-ba14-a29c673d2f09', 'user', '2023-11-15 16:49:07.267214'),
('f99df2b1-ab71-4376-af48-818a32995c28', 'e4e31d7e-170b-4aca-ba14-a29c673d2f09', 'user', '2023-11-15 16:49:07.267773'),
('75daaeab-d287-4cec-a66c-aad5673d3883', 'e4e31d7e-170b-4aca-ba14-a29c673d2f09', 'user', '2023-11-15 16:49:07.267849'),
('7f4528d1-161c-4a86-9463-33ca667c71b6', 'e4e31d7e-170b-4aca-ba14-a29c673d2f09', 'user', '2023-11-15 16:49:07.268422'),
('369a3a7f-82ac-4de6-8ea6-1ee42878a1f1', 'e4e31d7e-170b-4aca-ba14-a29c673d2f09', 'user', '2023-11-15 16:49:07.327165'),
('44e30ff9-3731-4ffb-b610-644acb58deab', 'e4e31d7e-170b-4aca-ba14-a29c673d2f09', 'user', '2023-11-15 16:49:07.327747'),
('75c5259b-2d1e-4fbf-88db-ee2d6b0271ec', 'e4e31d7e-170b-4aca-ba14-a29c673d2f09', 'user', '2023-11-15 16:49:07.329581'),
('afeba8ba-f00a-4288-bdbe-d42b99b39268', 'e4e31d7e-170b-4aca-ba14-a29c673d2f09', 'user', '2023-11-15 16:49:07.331583'),
('129b4fbd-654c-4c5a-861c-fed6986cf435', 'e4e31d7e-170b-4aca-ba14-a29c673d2f09', 'user', '2023-11-15 16:49:07.386766'),
('c57a6ddd-2a43-41c9-ac90-a2e99f4b37d1', 'e4e31d7e-170b-4aca-ba14-a29c673d2f09', 'user', '2023-11-15 16:49:07.388357'),
('a6f151a7-d3dd-4b66-b6dd-eb1c66f8df31', 'e4e31d7e-170b-4aca-ba14-a29c673d2f09', 'user', '2023-11-15 16:49:07.389802'),
('a009b612-ea64-44fa-9789-a89794530c14', 'e4e31d7e-170b-4aca-ba14-a29c673d2f09', 'user', '2023-11-15 16:49:07.390576'),
('927d0e27-65e5-4e65-898f-b569e2e7dfe8', 'e4e31d7e-170b-4aca-ba14-a29c673d2f09', 'user', '2023-11-15 16:49:07.444454'),
('2e3b783f-b85f-4733-8b4c-32f26c7be18e', 'e4e31d7e-170b-4aca-ba14-a29c673d2f09', 'user', '2023-11-15 16:49:07.445052'),
('8c3f7542-8c8d-429c-9b30-88617dddabb8', 'e4e31d7e-170b-4aca-ba14-a29c673d2f09', 'user', '2023-11-15 16:49:07.44704'),
('c6e75680-a6d3-4068-b8a9-ef5f85684133', 'e4e31d7e-170b-4aca-ba14-a29c673d2f09', 'user', '2023-11-15 16:49:07.448815'),
('c1c2eac1-f86f-49d3-b34f-ae0fb217753b', 'e4e31d7e-170b-4aca-ba14-a29c673d2f09', 'user', '2023-11-15 16:49:07.498437');